Movie Name,Release Year,Cast and Crew,Rating,Director,Genre,Age Rating,Duration (Time),
The Shawshank Redemption,1994,"Tim Robbins, Morgan Freeman",9.3,Frank Darabont,Drama,R,142 min,
The Godfather,1972,"Marlon Brando, Al Pacino, Diane Keaton",9.2,Francis Ford Coppola,"Crime, Drama",R,175 min,
The Dark Knight,2008,"Christian Bale, Heath Ledger, Aaron Eckhart",9,Christopher Nolan,"Action, Crime, Drama, Thriller",PG-13,152 min,
Fight Club,1999,"Brad Pitt, Edward Norton, Helena Bonham Carter",8.8,David Fincher,Drama,R,139 min,
Inception,2010,"Leonardo DiCaprio, Joseph Gordon-Levitt, Ellen Page",8.8,Christopher Nolan,"Action, Adventure, Sci-Fi, Thriller",PG-13,148 min,
The Matrix,1999,"Keanu Reeves, Laurence Fishburne, Carrie-Anne Moss",8.7,The Wachowskis,"Action, Sci-Fi",R,136 min,
Goodfellas,1990,"Robert De Niro, Ray Liotta, Joe Pesci",8.7,Martin Scorsese,"Crime, Drama",R,146 min,
Se7en,1995,"Brad Pitt, Morgan Freeman, Gwyneth Paltrow",8.6,David Fincher,"Crime, Drama, Mystery, Thriller",R,127 min,
Interstellar,2014,"Matthew McConaughey, Anne Hathaway, Jessica Chastain",8.7,Christopher Nolan,"Adventure, Drama, Sci-Fi, Thriller",PG-13,169 min,
Saving Private Ryan,1998,"Tom Hanks, Matt Damon, Tom Sizemore",8.6,Steven Spielberg,"Drama, War",R,169 min,
City of God,2002,"Alexandre Rodrigues, Leandro Firmino",8.6,Fernando Meirelles & K�tia Lund,"Crime, Drama",R,130 min,
The Green Mile,1999,"Tom Hanks, Michael Clarke Duncan, David Morse",8.6,Frank Darabont,"Crime, Drama, Fantasy",R,189 min,
Terminator 2: Judgment Day,1991,"Arnold Schwarzenegger, Linda Hamilton, Edward Furlong",8.6,James Cameron,"Action, Sci-Fi, Thriller",R,137 min,
Back to the Future,1995,"Michael J. Fox, Christopher Lloyd, Lea Thompson",8.5,Robert Zemeckis,"Adventure, Comedy, Sci-Fi",PG,116 min,
Spirited Away,2001,"Rumi Hiiragi, Miyu Irino (Japanese), Daveigh Chase, Jason Marsden (English)",8.6,Hayao Miyazaki,"Animation, Adventure, Drama, Family, Fantasy",PG,125 min,
The Pianist,2002,"Adrien Brody, Thomas Kretschmann, Frank Finlay",8.5,Roman Polanski,"Biography, Drama, Music, War",R,150 min,
Parasite,2019,"Song Kang-ho, Lee Sun-kyun, Cho Yeo-jeong",8.5,Bong Joon-ho,"Comedy, Drama, Thriller",R,132 min,
Dune: Part Two,2014,"Timothe Chalamet, Zendaya, Austin Butler",8.5,Denis Villeneuve,"Adventure, Drama, Sci-Fi",PG-13,155 min,
Gladiator,2000,"Russell Crowe, Joaquin Phoenix, Connie Nielsen",8.5,Ridley Scott,"Action, Adventure, Drama",R,155 min,
The Lion King,1994,"Matthew Broderick, James Earl Jones, Jeremy Irons",8.5,Roger Allers,"Animation, Adventure, Drama, Family, Musical",G,88 min,
Spider-Man: Across the Spider-Verse,2023,"Shameik Moore, Hailee Steinfeld, Oscar Isaac (voice)",8.6,"Joaquim Dos Santos, Kemp Powers, Justin K. Thompson","Animation, Action, Adventure, Sci-Fi",PG,140 min,
The Departed,2006,"Leonardo DiCaprio, Matt Damon, Jack Nicholson",8.5,Martin Scorsese,"Crime, Drama, Thriller",R,151 min,
Leon: The Professional,1994,"Jean Reno, Natalie Portman, Gary Oldman",8.5,Luc Besson,"Action, Crime, Drama, Thriller",R,110 min,
American History X,1998,"Edward Norton, Edward Furlong, Beverly D'Angelo",8.5,Tony Kaye,Drama,R,119 min,
Whiplash,2014,"Miles Teller, J.K. Simmons",8.5,Damien Chazelle,"Drama, Music",R,106 min,
The Prestige,2006,"Hugh Jackman, Christian Bale, Scarlett Johansson",8.5,Christopher Nolan,"Drama, Mystery, Sci-Fi, Thriller",PG-13,130 min,
Grave of the Fireflies,1988,"Tsutomu Tatsumi, Ayano Shiraishi (Japanese), Michael Dan (English)",8.5,Isao Takahata,"Animation, Drama, War",PG,89 min,
The Usual Suspects,1995,"Kevin Spacey, Gabriel Byrne, Stephen Baldwin",8.5,Bryan Singer,"Crime, Drama, Mystery, Thriller",R,106 min,
The Intouchables,2011,"Franois Cluzet, Omar Sy",8.5,Olivier Nakache & �ric Toledano,"Biography, Comedy, Drama",R,112 min,
Memento,2000,"Guy Pearce, Carrie-Anne Moss, Joe Pantoliano",8.4,Christopher Nolan,"Mystery, Thriller",R,113 min,
WALL E,2008,"Ben Burtt, Elissa Knight (voice)",8.4,Andrew Stanton,"Animation, Adventure, Drama, Family, Sci-Fi",G,98 min,
12th Fail,2023,"Vikrant Massey, Shweta Tripathi Sharma",8.8,Vidhu Vinod Chopra,Drama,Not Rated,138 min,
The Lives of Others,2006,"Ulrich M�he, Martina Gedeck, Sebastian Koch",8.4,Florian Henckel von Donnersmarck,"Drama, Thriller",R,137 min,
Avengers: Infinity War,2018,"Robert Downey Jr., Chris Hemsworth, Mark Ruffalo",8.4,Anthony & Joe Russo,"Action, Adventure, Sci-Fi",PG-13,149 min,
Spider-Man: Into the Spider-Verse,2018,"Shameik Moore, Jake Johnson, Hailee Steinfeld",8.4,"Bob Persichetti, Peter Ramsey, Rodney Rothman","Animation, Action, Adventure, Sci-Fi",PG,117 min,
Aliens,1986,"Sigourney Weaver, Michael Biehn, Carrie Henn",8.4,James Cameron,"Action, Adventure, Horror, Sci-Fi, Thriller",R,137 min,
Inglourious Basterds,2009,"Brad Pitt, Christoph Waltz, M�lanie Laurent",8.4,Quentin Tarantino,"Adventure, Drama, War",R,153 min,
The Dark Knight Rises,2012,"Christian Bale, Tom Hardy, Anne Hathaway",8.4,Christopher Nolan,"Action, Adventure, Thriller",PG-13,164 min,
Coco,2017,"Anthony Gonzalez, Gael Garc�a Bernal (voice)",8.4,"Lee Unkrich, Adrian Molina","Animation, Adventure, Comedy, Family, Fantasy, Music",PG,105 min,
Oldboy,2003,"Choi Min-sik, Yoo Ji-tae, Kang Hye-jung",8.3,Park Chan-wook,"Action, Drama, Mystery, Thriller",R,120 min,
American Beauty,1999,"Kevin Spacey, Annette Bening, Thora Birch",8.3,Sam Mendes,Drama,R,122 min,
Toy Story,1995,"Tom Hanks, Tim Allen (voice)",8.3,John Lasseter,"Animation, Adventure, Comedy, Family, Fantasy",G,81 min,
Avengers: Endgame,2019,"Robert Downey Jr., Chris Evans, Mark Ruffalo",8.4,Anthony & Joe Russo,"Action, Adventure, Drama, Sci-Fi",PG-13,181 min,
Das Boot,1981,"Jorgen Prochnow, Herbert Gr�nemeyer, Klaus Wennemann",8.4,Wolfgang Petersen,"Drama, War",R,209 min,
Braveheart,1995,"Mel Gibson, Sophie Marceau, Patrick McGoohan",8.3,Mel Gibson,"Biography, Drama, History, War",R,178 min,
Good Will Hunting,1997,"Matt Damon, Robin Williams, Ben Affleck",8.3,Gus Van Sant,"Drama, Romance",R,126 min,
Princess Mononoke,1997,"Billy Crudup, Billy Bob Thornton, Minnie Driver (English voice)",8.3,Hayao Miyazaki,"Animation, Adventure, Drama, Fantasy",PG-13,134 min,
Joker,2019,"Joaquin Phoenix, Robert De Niro, Zazie Beetz",8.4,Todd Phillips,"Crime, Drama, Thriller",R,122 min,
Your Name.,2016,"Ryunosuke Kamiki, Mone Kamishiraishi (voice)",8.4,Makoto Shinkai,"Animation, Drama, Fantasy, Romance",PG,106 min,
3 Idiots,2009,"Aamir Khan, R. Madhavan, Sharman Joshi",8.4,Rajkumar Hirani,"Comedy, Drama",PG,170 min,
Capernaum,2018,"Zain Al Rafeea, Yordanos Shiferaw",8.4,Nadine Labaki,Drama,R,113 min,
Requiem for a Dream,2000,"Ellen Burstyn, Jared Leto, Jennifer Connelly",8.3,Darren Aronofsky,"Drama, Darren Aronofsky's Psychological Horror",R,102 min,
Toy Story 3,2010,"Tom Hanks, Tim Allen, Joan Cusack (voice)",8.3,Lee Unkrich,"Animation, Adventure, Comedy, Drama, Family",G,103 min,
The Hunt,2012,"Mads Mikkelsen, Thomas Bo Larsen, Annika Wedderkopp",8.3,Thomas Vinterberg,"Drama, Thriller",R,115 min,
Oppenheimer,2023,"Cillian Murphy, Emily Blunt, Matt Damon",8.3,Christopher Nolan,"Biography, Drama, History, Thriller",R,180 min,
